<?xml version="1.0" encoding="UTF-8"?>
<project-private xmlns="http://www.netbeans.org/ns/project-private/1">
    <editor-bookmarks xmlns="http://www.netbeans.org/ns/editor-bookmarks/2" lastBookmarkId="0"/>
    <open-files xmlns="http://www.netbeans.org/ns/projectui-open-files/2">
        <group>
            <file>file:/Users/enrique/NetBeansProjects/ClienteWeb/web/WEB-INF/web.xml</file>
            <file>file:/Users/enrique/NetBeansProjects/ClienteWeb/web/index.html</file>
            <file>file:/Users/enrique/NetBeansProjects/ClienteWeb/src/java/operaciones/MostrarNombresAsignaturas.java</file>
            <file>file:/Users/enrique/NetBeansProjects/ClienteWeb/src/java/operaciones/ImportarCarrera.java</file>
            <file>file:/Users/enrique/NetBeansProjects/ClienteWeb/web/importarAsignatura.html</file>
            <file>file:/Users/enrique/NetBeansProjects/ClienteWeb/src/java/operaciones/CrearCarrera.java</file>
            <file>file:/Users/enrique/NetBeansProjects/ClienteWeb/src/java/operaciones/MostrarUnaAsignatura.java</file>
            <file>file:/Users/enrique/NetBeansProjects/ClienteWeb/src/java/utilidades/Print.java</file>
            <file>file:/Users/enrique/NetBeansProjects/ClienteWeb/src/java/operaciones/ExportarCarrera.java</file>
            <file>file:/Users/enrique/NetBeansProjects/ClienteWeb/src/java/operaciones/CrearAsignatura.java</file>
            <file>file:/Users/enrique/NetBeansProjects/ClienteWeb/src/java/utilidades/XMLToString.java</file>
            <file>file:/Users/enrique/NetBeansProjects/ClienteWeb/web/crearAsignatura.html</file>
            <file>file:/Users/enrique/NetBeansProjects/ClienteWeb/src/java/operaciones/MostrarAsignaturasCarrera.java</file>
            <file>file:/Users/enrique/NetBeansProjects/ClienteWeb/web/exportarCarrera.html</file>
            <file>file:/Users/enrique/NetBeansProjects/ClienteWeb/src/java/operaciones/ExportarAsignatura.java</file>
            <file>file:/Users/enrique/NetBeansProjects/ClienteWeb/src/java/operaciones/MostrarAsignaturasNumero.java</file>
            <file>file:/Users/enrique/NetBeansProjects/ClienteWeb/web/importarCarrera.html</file>
            <file>file:/Users/enrique/NetBeansProjects/ClienteWeb/web/crearCarrera.html</file>
            <file>file:/Users/enrique/NetBeansProjects/ClienteWeb/src/java/operaciones/ImportarAsignatura.java</file>
            <file>file:/Users/enrique/NetBeansProjects/ClienteWeb/src/java/utilidades/StringToXML.java</file>
        </group>
    </open-files>
</project-private>
