<?xml version="1.0" encoding="UTF-8"?><carrera>
    <asignaturas>
        <nombreAsignatura>calculo</nombreAsignatura>
        <curso>1</curso>
        <profesor>david</profesor>
        <creditos>6</creditos>
    </asignaturas>
    <asignaturas>
        <nombreAsignatura>ssw2</nombreAsignatura>
        <curso>4</curso>
        <profesor>david</profesor>
        <creditos>66</creditos>
    </asignaturas>
    <nombreCarrera>gisi</nombreCarrera>
    <facultad>eps</facultad>
    <universidad>ceu</universidad>
    <notaCorte>10</notaCorte>
</carrera>