<?xml version="1.0" encoding="UTF-8"?><carrera>
    <asignaturas>
        <nombreAsignatura>calc</nombreAsignatura>
        <curso>1</curso>
        <profesor>david</profesor>
        <creditos>66</creditos>
    </asignaturas>
    <asignaturas>
        <nombreAsignatura>Programacion</nombreAsignatura>
        <curso>1</curso>
        <profesor>Mariano</profesor>
        <creditos>6</creditos>
    </asignaturas>
    <nombreCarrera>teleco</nombreCarrera>
    <facultad>eps</facultad>
    <universidad>ceu</universidad>
    <notaCorte>7</notaCorte>
</carrera>