<?xml version="1.0" encoding="UTF-8" standalone="yes"?>
<carrera>
        <asignaturas>
            <nombreAsignatura>r</nombreAsignatura>
            <curso>3</curso>
            <profesor>r</profesor>
            <creditos>3</creditos>
        </asignaturas>
        <asignaturas>
            <nombreAsignatura>r</nombreAsignatura>
            <curso>3</curso>
            <profesor>r</profesor>
            <creditos>3</creditos>
        </asignaturas>
        <asignaturas>
            <nombreAsignatura>r</nombreAsignatura>
            <curso>3</curso>
            <profesor>r</profesor>
            <creditos>3</creditos>
        </asignaturas>
        <asignaturas>
            <nombreAsignatura>f</nombreAsignatura>
            <curso>5</curso>
            <profesor>f</profesor>
            <creditos>5</creditos>
        </asignaturas>
        <asignaturas>
            <nombreAsignatura>f</nombreAsignatura>
            <curso>5</curso>
            <profesor>f</profesor>
            <creditos>5</creditos>
        </asignaturas>
    <nombreCarrera>s</nombreCarrera>
    <facultad>s</facultad>
    <universidad>s</universidad>
    <notaCorte>3</notaCorte>
</carrera>
