<?xml version="1.0" encoding="UTF-8"?>
<project-private xmlns="http://www.netbeans.org/ns/project-private/1">
    <editor-bookmarks xmlns="http://www.netbeans.org/ns/editor-bookmarks/2" lastBookmarkId="0"/>
    <open-files xmlns="http://www.netbeans.org/ns/projectui-open-files/2">
        <group>
            <file>file:/Users/enrique/NetBeansProjects/ClienteJava/src/utilidades/Print.java</file>
            <file>file:/Users/enrique/NetBeansProjects/ClienteJava/src/utilidades/StringToXML.java</file>
            <file>file:/Users/enrique/NetBeansProjects/ClienteJava/src/clientejava/ClienteJava.java</file>
            <file>file:/Users/enrique/NetBeansProjects/ClienteJava/src/utilidades/XMLToString.java</file>
            <file>file:/Users/enrique/NetBeansProjects/ClienteJava/nbproject/build-impl.xml</file>
            <file>file:/Users/enrique/NetBeansProjects/ClienteJava/src/META-INF/jax-ws-catalog.xml</file>
        </group>
    </open-files>
</project-private>
