<?xml version="1.0" encoding="UTF-8"?>
<project-private xmlns="http://www.netbeans.org/ns/project-private/1">
    <editor-bookmarks xmlns="http://www.netbeans.org/ns/editor-bookmarks/2" lastBookmarkId="0"/>
    <open-files xmlns="http://www.netbeans.org/ns/projectui-open-files/2">
        <group>
            <file>file:/Users/enrique/NetBeansProjects/SOAP/src/java/uni/Asignatura.java</file>
            <file>file:/Users/enrique/NetBeansProjects/SOAP/src/java/uni/Carrera.java</file>
            <file>file:/Users/enrique/NetBeansProjects/SOAP/src/java/operaciones/UnMarshaling.java</file>
            <file>file:/Users/enrique/NetBeansProjects/SOAP/src/java/serviceUni/ServiciosUniversidad.java</file>
            <file>file:/Users/enrique/NetBeansProjects/SOAP/web/index.html</file>
            <file>file:/Users/enrique/NetBeansProjects/SOAP/src/java/operaciones/Marshaling.java</file>
        </group>
    </open-files>
</project-private>
